objective,m,p,n,mean_runtime_ms
COST,8,4,30,0.0244083
COST,10,4,30,0.045004333333333334
COST,12,5,30,0.0680893
COST,20,8,30,0.3490098
COST,40,12,30,3.8567459
COST,80,20,30,34.8497902
ENERGY,8,4,30,0.01943733333333333
ENERGY,10,4,30,0.027262866666666666
ENERGY,12,5,30,0.0405164
ENERGY,20,8,30,0.14848270000000002
ENERGY,40,12,30,1.0893940333333334
ENERGY,80,20,30,8.491319833333334
RELIABILITY,8,4,30,0.013344366666666666
RELIABILITY,10,4,30,0.017483000000000002
RELIABILITY,12,5,30,0.026599066666666667
RELIABILITY,20,8,30,0.08115076666666667
RELIABILITY,40,12,30,0.3556305
RELIABILITY,80,20,30,2.0248154333333335
