objective,variant,n,mean_gap_pct,median_gap_pct,max_gap_pct,ci95_halfwidth_pct
COST,MAX,90,18.495719490550588,17.30449007725,81.227825243,2.5971790186136223
COST,MIN,90,9.939374998719646,4.86350341548,63.1558222079,2.440422172887463
COST,SEQ,90,13.847788910408962,10.35580306505,69.3455499345,2.619674915368574
ENERGY,MAX,90,1.8907204060075244,0.0,16.3894517137,0.8008761051730731
ENERGY,MIN,90,7.059235564660359,2.42668651959,39.4292956359,1.7873780433726663
ENERGY,SEQ,90,4.208929475934548,1.27365657463,23.2514609426,1.2498981775118196
RELIABILITY,MAX,90,7.480268957908122,7.092909353654999,22.8153473344,1.0868198260167679
RELIABILITY,MIN,90,35.27848551698733,31.65920028605,111.432733911,4.917542537522544
RELIABILITY,SEQ,90,19.62328543453524,15.109712769849999,124.101234709,3.5443075801440416
