m,p,seed,objective,status,value,runtime_ms,nodes_visited
8,4,1,COST,OPTIMAL,0.907226790211,0.00936,53
8,4,1,RELIABILITY,OPTIMAL,0.0153071865889,0.00815,36
8,4,1,ENERGY,OPTIMAL,152.262128948,0.016313,130
8,4,2,COST,OPTIMAL,0.848866737983,0.016949,127
8,4,2,RELIABILITY,OPTIMAL,0.00940596565042,0.026267,156
8,4,2,ENERGY,OPTIMAL,165.36863133,0.047691,568
8,4,3,COST,OPTIMAL,0.743491537023,0.01238,94
8,4,3,RELIABILITY,OPTIMAL,0.00262169148514,0.029724,172
8,4,3,ENERGY,OPTIMAL,195.972184582,0.033448,404
8,4,4,COST,OPTIMAL,1.19050964625,0.015482,165
8,4,4,RELIABILITY,OPTIMAL,0.00682276188416,0.02422,164
8,4,4,ENERGY,OPTIMAL,242.558360815,0.023318,309
8,4,5,COST,OPTIMAL,1.11416596867,0.023569,245
8,4,5,RELIABILITY,OPTIMAL,0.0155628032116,0.01223,72
8,4,5,ENERGY,OPTIMAL,204.686966618,0.017002,230
8,4,6,COST,OPTIMAL,0.715021904768,0.01459,105
8,4,6,RELIABILITY,OPTIMAL,0.00661691021642,0.026014,148
8,4,6,ENERGY,OPTIMAL,173.391216492,0.023266,252
8,4,7,COST,OPTIMAL,0.930828643951,0.010158,96
8,4,7,RELIABILITY,OPTIMAL,0.0098738841191,0.026654,173
8,4,7,ENERGY,OPTIMAL,199.788702508,0.009563,121
8,4,8,COST,OPTIMAL,1.07867323428,0.017316,135
8,4,8,RELIABILITY,OPTIMAL,0.0134653425988,0.005317,24
8,4,8,ENERGY,OPTIMAL,201.657252124,0.021241,245
8,4,9,COST,OPTIMAL,0.767183172696,0.027541,241
8,4,9,RELIABILITY,OPTIMAL,0.00565659444257,0.031228,197
8,4,9,ENERGY,OPTIMAL,195.146530196,0.034734,387
8,4,10,COST,OPTIMAL,0.516079952165,0.010058,84
8,4,10,RELIABILITY,OPTIMAL,0.0106129429658,0.037641,254
8,4,10,ENERGY,OPTIMAL,198.417098809,0.023547,292
8,4,11,COST,OPTIMAL,0.917571794037,0.020061,168
8,4,11,RELIABILITY,OPTIMAL,0.00360584153442,0.035933,239
8,4,11,ENERGY,OPTIMAL,216.990358995,0.043045,525
8,4,12,COST,OPTIMAL,0.719606129182,0.005577,35
8,4,12,RELIABILITY,OPTIMAL,0.00988320189539,0.016033,87
8,4,12,ENERGY,OPTIMAL,140.075296137,0.025637,267
8,4,13,COST,OPTIMAL,1.1651909974,0.033203,341
8,4,13,RELIABILITY,OPTIMAL,0.0129809645107,0.034965,226
8,4,13,ENERGY,OPTIMAL,221.373156524,0.060121,917
8,4,14,COST,OPTIMAL,0.866656901441,0.007075,42
8,4,14,RELIABILITY,OPTIMAL,0.0110779212879,0.043804,275
8,4,14,ENERGY,OPTIMAL,141.070255015,0.020375,218
8,4,15,COST,OPTIMAL,0.879095656612,0.01661,165
8,4,15,RELIABILITY,OPTIMAL,0.00600739387421,0.020755,140
8,4,15,ENERGY,OPTIMAL,179.188044703,0.04183,519
8,4,16,COST,OPTIMAL,0.981607225799,0.05085,620
8,4,16,RELIABILITY,OPTIMAL,0.00425609367066,0.017504,126
8,4,16,ENERGY,OPTIMAL,170.242960281,0.106855,1525
8,4,17,COST,OPTIMAL,1.08917087264,0.018104,135
8,4,17,RELIABILITY,OPTIMAL,0.0107560429619,0.054011,467
8,4,17,ENERGY,OPTIMAL,151.020842283,0.033074,459
8,4,18,COST,OPTIMAL,1.0607922022,0.02724,262
8,4,18,RELIABILITY,OPTIMAL,0.00581561645372,0.080348,565
8,4,18,ENERGY,OPTIMAL,191.290348106,0.024482,307
8,4,19,COST,OPTIMAL,0.907272189595,0.007242,42
8,4,19,RELIABILITY,OPTIMAL,0.00465587923484,0.025655,142
8,4,19,ENERGY,OPTIMAL,167.357007576,0.014563,155
8,4,20,COST,OPTIMAL,1.03788877654,0.061585,595
8,4,20,RELIABILITY,OPTIMAL,0.00591104400513,0.014283,87
8,4,20,ENERGY,OPTIMAL,180.326635047,0.035183,416
8,4,21,COST,OPTIMAL,1.03590656426,0.018676,157
8,4,21,RELIABILITY,OPTIMAL,0.00802246431758,0.038158,229
8,4,21,ENERGY,OPTIMAL,179.724478027,0.039063,458
8,4,22,COST,OPTIMAL,0.87774322519,0.026569,242
8,4,22,RELIABILITY,OPTIMAL,0.00703265014123,0.050374,338
8,4,22,ENERGY,OPTIMAL,139.602457598,0.046071,533
8,4,23,COST,OPTIMAL,0.853089859116,0.007401,45
8,4,23,RELIABILITY,OPTIMAL,0.00581572203761,0.023998,135
8,4,23,ENERGY,OPTIMAL,218.404961327,0.018357,185
8,4,24,COST,OPTIMAL,1.07633620364,0.011352,88
8,4,24,RELIABILITY,OPTIMAL,0.00253865204205,0.050861,73
8,4,24,ENERGY,OPTIMAL,179.417399661,0.014437,157
8,4,25,COST,OPTIMAL,0.91224836007,0.012005,104
8,4,25,RELIABILITY,OPTIMAL,0.00985321289451,0.029633,224
8,4,25,ENERGY,OPTIMAL,137.8301688,0.012735,166
8,4,26,COST,OPTIMAL,0.87232624769,0.018772,146
8,4,26,RELIABILITY,OPTIMAL,0.00441817087162,0.020981,125
8,4,26,ENERGY,OPTIMAL,183.647361878,0.019815,185
8,4,27,COST,OPTIMAL,1.26980849447,0.015976,142
8,4,27,RELIABILITY,OPTIMAL,0.00528587673253,0.021171,120
8,4,27,ENERGY,OPTIMAL,152.749600964,0.014507,153
8,4,28,COST,OPTIMAL,0.955187285475,0.01321,109
8,4,28,RELIABILITY,OPTIMAL,0.00882552175734,0.01478,89
8,4,28,ENERGY,OPTIMAL,200.757327495,0.013337,127
8,4,29,COST,OPTIMAL,0.834108809872,0.010115,91
8,4,29,RELIABILITY,OPTIMAL,0.00493885156454,0.020106,110
8,4,29,ENERGY,OPTIMAL,166.613070196,0.017623,263
8,4,30,COST,OPTIMAL,1.15348409152,0.04849,520
8,4,30,RELIABILITY,OPTIMAL,0.00928416339064,0.049878,342
8,4,30,ENERGY,OPTIMAL,133.974879924,0.072782,1002
10,4,1,COST,OPTIMAL,0.797568346956,0.040752,404
10,4,1,RELIABILITY,OPTIMAL,0.0114551014998,0.108643,611
10,4,1,ENERGY,OPTIMAL,192.400884651,0.086144,1283
10,4,2,COST,OPTIMAL,0.842489672041,0.017424,118
10,4,2,RELIABILITY,OPTIMAL,0.00732987018593,0.249228,1487
10,4,2,ENERGY,OPTIMAL,223.294827993,0.183095,2406
10,4,3,COST,OPTIMAL,0.93591217485,0.123043,1143
10,4,3,RELIABILITY,OPTIMAL,0.00809513369778,0.202188,1246
10,4,3,ENERGY,OPTIMAL,154.022072798,0.19645,2406
10,4,4,COST,OPTIMAL,1.13566460631,0.231277,2127
10,4,4,RELIABILITY,OPTIMAL,0.0140824379366,0.460936,3276
10,4,4,ENERGY,OPTIMAL,215.38074641,0.513166,8117
10,4,5,COST,OPTIMAL,1.09369268538,0.026436,207
10,4,5,RELIABILITY,OPTIMAL,0.00693353672308,0.08108,447
10,4,5,ENERGY,OPTIMAL,193.795120088,0.154442,1931
10,4,6,COST,OPTIMAL,0.889637916201,0.023951,168
10,4,6,RELIABILITY,OPTIMAL,0.00481617935309,0.08591,496
10,4,6,ENERGY,OPTIMAL,162.050696337,0.09408,1381
10,4,7,COST,OPTIMAL,0.955713891609,0.024137,184
10,4,7,RELIABILITY,OPTIMAL,0.00874767366412,0.235452,1500
10,4,7,ENERGY,OPTIMAL,151.104007348,0.097801,1373
10,4,8,COST,OPTIMAL,1.01823751635,0.021451,163
10,4,8,RELIABILITY,OPTIMAL,0.0136181286719,0.064762,345
10,4,8,ENERGY,OPTIMAL,120.637564004,0.106322,998
10,4,9,COST,OPTIMAL,0.924237659384,0.03905,347
10,4,9,RELIABILITY,OPTIMAL,0.00491434644962,0.36812,2326
10,4,9,ENERGY,OPTIMAL,167.314130658,0.231137,3988
10,4,10,COST,OPTIMAL,1.2790824497,0.153153,1410
10,4,10,RELIABILITY,OPTIMAL,0.00582881713581,0.259432,2143
10,4,10,ENERGY,OPTIMAL,264.11499461,0.370334,6727
10,4,11,COST,OPTIMAL,1.23891978003,0.195767,2099
10,4,11,RELIABILITY,OPTIMAL,0.00321533953356,0.325467,2819
10,4,11,ENERGY,OPTIMAL,231.513687335,0.322143,5704
10,4,12,COST,OPTIMAL,1.12608022963,0.052853,493
10,4,12,RELIABILITY,OPTIMAL,0.010678946704,0.068929,324
10,4,12,ENERGY,OPTIMAL,241.824510468,0.148553,2465
10,4,13,COST,OPTIMAL,0.948774591145,0.033305,305
10,4,13,RELIABILITY,OPTIMAL,0.0055435115316,0.085994,445
10,4,13,ENERGY,OPTIMAL,167.324482869,0.082456,1100
10,4,14,COST,OPTIMAL,1.02564597268,0.294402,1594
10,4,14,RELIABILITY,OPTIMAL,0.0120387096775,0.195073,1184
10,4,14,ENERGY,OPTIMAL,180.139159433,0.16814,2061
10,4,15,COST,OPTIMAL,0.939847761998,0.035614,310
10,4,15,RELIABILITY,OPTIMAL,0.010660173492,0.203827,1241
10,4,15,ENERGY,OPTIMAL,191.166630365,0.10917,1478
10,4,16,COST,OPTIMAL,0.673656569423,0.033967,299
10,4,16,RELIABILITY,OPTIMAL,0.00881764395534,0.183493,1234
10,4,16,ENERGY,OPTIMAL,138.084992685,0.161049,2210
10,4,17,COST,OPTIMAL,1.29353819374,0.181316,2151
10,4,17,RELIABILITY,OPTIMAL,0.00402881088788,0.196875,1400
10,4,17,ENERGY,OPTIMAL,170.527637492,0.25172,3723
10,4,18,COST,OPTIMAL,0.990695847105,0.025684,197
10,4,18,RELIABILITY,OPTIMAL,0.00584640139463,0.231375,1568
10,4,18,ENERGY,OPTIMAL,180.670925765,0.099337,1335
10,4,19,COST,OPTIMAL,1.10613277337,0.120202,1240
10,4,19,RELIABILITY,OPTIMAL,0.00402633351735,0.137565,852
10,4,19,ENERGY,OPTIMAL,245.776813271,0.254582,4454
10,4,20,COST,OPTIMAL,1.02534916743,0.009654,71
10,4,20,RELIABILITY,OPTIMAL,0.00580390316419,0.067859,442
10,4,20,ENERGY,OPTIMAL,223.219156678,0.13415,2035
10,4,21,COST,OPTIMAL,0.764379760073,0.016633,128
10,4,21,RELIABILITY,OPTIMAL,0.00527567593949,0.047209,266
10,4,21,ENERGY,OPTIMAL,227.313666764,0.082118,1175
10,4,22,COST,OPTIMAL,0.882389612529,0.109616,1007
10,4,22,RELIABILITY,OPTIMAL,0.00551421237061,0.232655,1337
10,4,22,ENERGY,OPTIMAL,193.239803171,0.159714,2428
10,4,23,COST,OPTIMAL,1.09047420691,0.070964,672
10,4,23,RELIABILITY,OPTIMAL,0.00371743795695,0.81327,7625
10,4,23,ENERGY,OPTIMAL,188.200710961,0.667809,11790
10,4,24,COST,OPTIMAL,0.986965296264,0.074019,706
10,4,24,RELIABILITY,OPTIMAL,0.00467843783176,0.217075,1415
10,4,24,ENERGY,OPTIMAL,159.763272343,0.090511,1240
10,4,25,COST,OPTIMAL,0.93114426897,0.073146,736
10,4,25,RELIABILITY,OPTIMAL,0.00527563244297,0.163719,1087
10,4,25,ENERGY,OPTIMAL,196.383821944,0.264836,3811
10,4,26,COST,OPTIMAL,0.648421744389,0.032539,278
10,4,26,RELIABILITY,OPTIMAL,0.00430069720961,0.071083,406
10,4,26,ENERGY,OPTIMAL,217.569919674,0.078046,1009
10,4,27,COST,OPTIMAL,0.818595274849,0.027969,247
10,4,27,RELIABILITY,OPTIMAL,0.00676217108854,0.138447,915
10,4,27,ENERGY,OPTIMAL,148.500293608,0.118345,1629
10,4,28,COST,OPTIMAL,0.949699661785,0.037133,313
10,4,28,RELIABILITY,OPTIMAL,0.0100556418153,0.163042,1060
10,4,28,ENERGY,OPTIMAL,213.15330084,0.138737,1884
10,4,29,COST,OPTIMAL,1.1110449024,0.035429,261
10,4,29,RELIABILITY,OPTIMAL,0.0069720574611,0.132016,846
10,4,29,ENERGY,OPTIMAL,148.240232123,0.101629,1224
10,4,30,COST,OPTIMAL,0.90523473966,0.165167,1950
10,4,30,RELIABILITY,OPTIMAL,0.00778037774671,0.297845,2113
10,4,30,ENERGY,OPTIMAL,208.315296584,0.205216,2916
12,5,1,COST,OPTIMAL,1.18615727683,0.501428,4514
12,5,1,RELIABILITY,OPTIMAL,0.00973019374944,2.985372,15721
12,5,1,ENERGY,OPTIMAL,192.774757566,7.835914,101443
12,5,2,COST,OPTIMAL,0.952634190022,0.495022,4072
12,5,2,RELIABILITY,OPTIMAL,0.00954084929391,8.926825,51744
12,5,2,ENERGY,OPTIMAL,204.161420563,4.91017,73830
12,5,3,COST,OPTIMAL,1.28693196981,0.28963,2593
12,5,3,RELIABILITY,OPTIMAL,0.0115112007692,0.629152,3330
12,5,3,ENERGY,OPTIMAL,272.736107682,5.884322,83682
12,5,4,COST,OPTIMAL,1.26923650568,0.236733,1571
12,5,4,RELIABILITY,OPTIMAL,0.00473027479485,0.573114,2678
12,5,4,ENERGY,OPTIMAL,194.398670125,4.66087,58179
12,5,5,COST,OPTIMAL,1.25979732662,0.518545,4423
12,5,5,RELIABILITY,OPTIMAL,0.00367930967305,1.205755,7059
12,5,5,ENERGY,OPTIMAL,247.534197233,3.123674,42623
12,5,6,COST,OPTIMAL,1.12890284699,0.373775,3529
12,5,6,RELIABILITY,OPTIMAL,0.0114461426994,2.387459,14573
12,5,6,ENERGY,OPTIMAL,254.512071939,2.596781,32881
12,5,7,COST,OPTIMAL,1.22061736723,0.394939,2975
12,5,7,RELIABILITY,OPTIMAL,0.00722128835183,2.221169,10208
12,5,7,ENERGY,OPTIMAL,157.813419294,1.15061,13704
12,5,8,COST,OPTIMAL,1.26211367832,0.741719,6327
12,5,8,RELIABILITY,OPTIMAL,0.0053664726524,1.428757,7350
12,5,8,ENERGY,OPTIMAL,183.65554831,1.56655,19421
12,5,9,COST,OPTIMAL,1.1191841029,0.59505,5160
12,5,9,RELIABILITY,OPTIMAL,0.0109891077668,7.784033,47252
12,5,9,ENERGY,OPTIMAL,204.970827405,4.468168,55560
12,5,10,COST,OPTIMAL,1.39121769562,0.687243,5506
12,5,10,RELIABILITY,OPTIMAL,0.00614477061274,4.320026,26841
12,5,10,ENERGY,OPTIMAL,179.166359711,6.083677,79776
12,5,11,COST,OPTIMAL,1.18956976939,0.362049,2782
12,5,11,RELIABILITY,OPTIMAL,0.00833484821446,0.98402,5687
12,5,11,ENERGY,OPTIMAL,267.046299584,5.317586,71876
12,5,12,COST,OPTIMAL,1.36139757149,0.747522,7127
12,5,12,RELIABILITY,OPTIMAL,0.00979671521892,1.540629,8106
12,5,12,ENERGY,OPTIMAL,215.292214492,2.529293,35496
12,5,13,COST,OPTIMAL,1.27624177931,0.399278,3784
12,5,13,RELIABILITY,OPTIMAL,0.0106093336741,1.650905,7974
12,5,13,ENERGY,OPTIMAL,209.129034609,2.690782,38971
12,5,14,COST,OPTIMAL,1.44387153684,0.517892,4019
12,5,14,RELIABILITY,OPTIMAL,0.00910503534749,4.319455,22205
12,5,14,ENERGY,OPTIMAL,212.236140523,5.474159,71951
12,5,15,COST,OPTIMAL,1.36151458779,0.194783,1774
12,5,15,RELIABILITY,OPTIMAL,0.0101995284785,0.618234,3768
12,5,15,ENERGY,OPTIMAL,213.060898528,4.714272,67047
12,5,16,COST,OPTIMAL,1.08460944081,0.135372,1116
12,5,16,RELIABILITY,OPTIMAL,0.00291060407704,0.237255,1228
12,5,16,ENERGY,OPTIMAL,225.147029328,0.375145,5674
12,5,17,COST,OPTIMAL,1.2721761131,0.65882,6159
12,5,17,RELIABILITY,OPTIMAL,0.00453809613668,3.514577,23433
12,5,17,ENERGY,OPTIMAL,218.287252484,5.116343,67109
12,5,18,COST,OPTIMAL,1.4637271858,0.200195,1491
12,5,18,RELIABILITY,OPTIMAL,0.00575243426664,0.892833,5485
12,5,18,ENERGY,OPTIMAL,235.31957133,2.559673,29044
12,5,19,COST,OPTIMAL,0.977172362213,0.194054,1218
12,5,19,RELIABILITY,OPTIMAL,0.00865045596374,1.166372,6919
12,5,19,ENERGY,OPTIMAL,187.163092577,2.1276,35408
12,5,20,COST,OPTIMAL,1.14120252793,0.64688,5903
12,5,20,RELIABILITY,OPTIMAL,0.00504199382316,2.43852,15868
12,5,20,ENERGY,OPTIMAL,202.701570125,3.903643,57241
12,5,21,COST,OPTIMAL,1.21791478633,0.253058,1682
12,5,21,RELIABILITY,OPTIMAL,0.00836159143171,3.886144,18653
12,5,21,ENERGY,OPTIMAL,263.458218114,2.019705,28141
12,5,22,COST,OPTIMAL,1.1632617275,0.370244,2729
12,5,22,RELIABILITY,OPTIMAL,0.00814077717129,1.886808,9124
12,5,22,ENERGY,OPTIMAL,221.898932311,3.673627,56870
12,5,23,COST,OPTIMAL,1.31968283652,0.198279,1175
12,5,23,RELIABILITY,OPTIMAL,0.0124801627946,0.47615,2399
12,5,23,ENERGY,OPTIMAL,165.158980689,1.210734,18944
12,5,24,COST,OPTIMAL,1.25880497412,0.054469,305
12,5,24,RELIABILITY,OPTIMAL,0.00341026877176,0.624738,3791
12,5,24,ENERGY,OPTIMAL,200.399452214,1.245304,22582
12,5,25,COST,OPTIMAL,1.2508459168,0.066388,413
12,5,25,RELIABILITY,OPTIMAL,0.00447570830039,0.557398,2051
12,5,25,ENERGY,OPTIMAL,197.741191619,1.112299,16777
12,5,26,COST,OPTIMAL,1.18276168178,0.587268,3600
12,5,26,RELIABILITY,OPTIMAL,0.00580015568955,4.101276,24488
12,5,26,ENERGY,OPTIMAL,287.793653432,2.358202,30480
12,5,27,COST,OPTIMAL,1.26042093003,0.323098,2227
12,5,27,RELIABILITY,OPTIMAL,0.0105749760775,1.262231,6741
12,5,27,ENERGY,OPTIMAL,203.577201146,4.523735,61373
12,5,28,COST,OPTIMAL,1.04505069488,0.406965,2369
12,5,28,RELIABILITY,OPTIMAL,0.00663883427305,4.394967,13119
12,5,28,ENERGY,OPTIMAL,172.944959248,2.5083,28652
12,5,29,COST,OPTIMAL,1.18902972472,1.882035,16463
12,5,29,RELIABILITY,OPTIMAL,0.00491008950904,2.287837,11467
12,5,29,ENERGY,OPTIMAL,200.243908684,2.775252,32875
12,5,30,COST,OPTIMAL,1.14567949874,0.352389,2700
12,5,30,RELIABILITY,OPTIMAL,0.00925258912633,5.521758,19858
12,5,30,ENERGY,OPTIMAL,283.78610895,3.176153,48257
